iter	Logloss
0	0.6295696303
1	0.5816143574
2	0.5356905091
3	0.5033889446
4	0.4653312082
5	0.4324225008
6	0.4089941294
7	0.3778047609
8	0.3610061831
9	0.3399498097
10	0.3243917855
11	0.3088044495
12	0.2952299205
